node_id,cluster_id
19937,0
54172,0
19939,0
8188,1
3029,1
41802,1
57953,1
24796,1
6090,1
1420,1
63702,1
24870,1
10688,1
39207,1
6087,1
41831,1
8177,1
24871,1
6089,1
8176,1
4919,1
8183,1
8181,1
24818,1
4924,1
60003,1
4922,1
274,1
24804,1
41811,1
29205,1
39318,1
24844,1
101674,1
4285,1
19606,1
36556,1
39211,1
10696,1
10694,1
35610,1
8165,1
39214,1
24271,1
71708,1
24800,1
8187,1
8175,1
39309,1
41806,1
4290,1
8172,1
39541,1
94173,1
41830,1
10690,1
39209,1
4930,1
119199,1
1483,1
8180,1
39198,1
4929,1
24816,1
4932,1
8184,1
8171,1
8168,1
92592,1
8174,1
41835,1
4923,1
899,1
24273,1
6088,1
16743,1
4281,1
8185,1
8167,1
44103,1
24815,1
4910,1
41815,1
10628,2
6877,2
33939,2
19576,2
38231,2
15003,2
111944,2
62850,2
14182,2
39618,2
8883,2
10592,2
1549,2
92209,2
10600,2
10621,2
94669,2
130616,2
73455,2
1812,2
10617,2
10629,2
36180,2
33687,2
10622,2
10639,2
591,2
29599,2
52038,2
10623,2
1889,2
12326,2
10616,2
40607,2
71968,2
3321,3
1479,3
24527,3
112686,3
4333,3
4351,3
1470,3
3275,3
1482,3
20177,3
31740,3
3326,3
3290,3
8273,3
31764,3
18801,3
3323,3
1474,3
31768,3
19434,3
3331,3
35103,3
3302,3
3334,3
3340,3
31771,3
16344,3
20179,3
107245,3
31762,3
36435,3
14181,3
4341,3
10620,3
37337,3
4338,3
35337,3
15190,3
1471,3
3352,3
35099,3
9867,3
5903,3
3313,3
18799,3
1477,3
33424,3
35664,3
4317,3
3295,3
4352,3
3328,3
1476,3
3298,3
5861,3
18791,3
3318,3
24537,3
3347,3
37345,3
3327,3
7184,4
1491,4
15724,4
56763,4
26661,4
9239,4
48544,4
51920,4
5684,4
26273,4
14641,4
2949,4
5469,4
104962,4
3987,4
345,4
26654,4
84129,4
26659,4
51928,4
95007,4
9237,4
28199,4
1492,4
51924,4
38556,4
1749,4
6484,4
1184,4
26630,4
51918,4
7175,4
26647,4
1501,4
9218,4
38551,4
1509,4
55185,4
1514,4
1512,4
17444,4
3978,4
26665,4
28002,4
22797,4
9234,4
7183,4
42254,5
42253,5
42256,5
6424,6
13202,6
99461,6
18259,6
52427,6
76784,6
19839,6
3133,6
54060,6
6434,6
54464,6
39570,6
6429,6
5308,6
8640,6
39799,6
18255,6
19847,6
73130,6
40924,6
9951,6
60616,6
12682,6
6433,6
6330,6
18256,6
76401,6
44936,6
53561,6
101115,6
12697,6
14459,6
68856,6
55403,6
73139,6
6428,6
22118,6
19844,6
19840,6
4432,6
19848,6
6425,6
54467,6
6426,6
18254,6
36243,6
11508,6
6733,6
12698,6
13203,6
77900,6
40044,6
48931,6
247,6
6421,6
19837,6
61098,6
19846,6
44969,6
19838,6
19841,6
36845,6
51693,6
12696,6
39791,6
30795,6
52991,6
19182,6
42060,6
56981,6
39569,6
17410,6
73143,6
76395,6
20468,6
44949,6
42063,6
18258,6
10388,6
96065,6
14689,7
5860,7
47312,7
4329,7
19706,7
53582,7
5865,7
45088,7
2938,7
3734,7
5854,7
57495,7
53597,7
7200,7
3603,7
47313,7
4379,7
4837,7
10990,7
4142,7
5862,7
45279,7
28868,7
10999,7
5866,7
57252,7
29099,7
5856,7
45091,7
14677,7
14679,7
49357,7
5836,7
14664,7
5855,7
42193,7
10998,7
58092,7
53579,7
3562,7
4165,7
573,7
5868,7
47322,7
4180,7
47321,7
33857,7
22231,7
34260,7
28866,7
4745,7
5853,7
3963,7
33850,7
49770,7
28116,7
81475,7
28859,7
47304,7
5857,7
51524,7
23818,7
28134,7
58337,7
11166,8
991,8
36592,8
6588,8
11161,8
29,8
1462,8
53998,8
9956,8
11155,8
11495,8
8634,8
53988,8
58649,8
7575,8
406,8
26102,8
23337,8
76853,8
11717,8
5214,8
11497,8
11635,8
11472,8
23312,8
11165,8
17606,8
8382,8
47444,8
28107,8
17579,8
48973,8
36978,8
6591,8
11629,8
11735,8
55036,8
8818,8
9621,8
9620,8
11160,8
12224,8
3159,8
47246,8
8816,8
38260,8
11156,8
22569,8
50868,8
11163,8
4417,8
11350,8
8817,8
22592,8
58591,8
37797,8
37796,8
8807,8
14262,8
510,8
35154,8
55023,8
11633,8
11590,8
11728,8
8815,8
11730,8
11592,8
37466,8
11591,8
10392,8
11159,8
9618,8
48972,8
8814,8
58623,8
45168,8
21712,8
18207,8
11524,8
28554,9
23723,9
834,9
20021,9
13717,9
36548,9
58072,9
13090,9
135609,9
3256,9
20240,9
29787,9
3204,9
17351,9
1487,9
1371,9
34562,9
10312,9
51878,9
81252,9
8614,9
30336,9
5905,9
15394,9
11201,9
100847,9
23711,9
8619,9
8626,9
52915,9
56257,9
56387,9
3753,9
5799,9
3198,9
43653,9
43309,9
1654,9
13721,9
13709,9
2873,9
412,9
7001,9
96886,9
1676,9
13722,9
17322,9
3258,9
13702,9
8609,9
8625,9
13711,9
13714,9
8623,9
13710,9
13715,9
13725,9
3213,9
13700,9
3218,9
15531,9
3390,9
58074,9
57449,9
8610,9
24183,9
34606,9
34935,9
13724,9
8621,9
33987,9
750,9
9566,9
85889,9
33988,9
31243,9
49200,9
13719,9
16255,9
40095,9
6179,9
49201,9
36546,9
416,9
14790,9
10355,9
20906,9
11077,9
69868,9
34557,9
13698,9
43655,9
30320,9
20918,9
10206,9
8624,9
17431,9
92661,9
37404,9
14783,9
3262,9
49202,9
34561,9
23729,9
8607,9
21949,9
56699,9
28246,9
44256,9
8612,9
20139,9
41060,9
12985,9
8606,9
37408,9
8628,9
8620,9
20276,9
57450,9
1372,9
15257,10
35511,10
32450,10
27618,10
15862,10
8714,10
17400,10
15917,10
3576,10
6533,10
30877,10
6479,10
12528,10
13117,10
15356,10
28896,10
28913,10
6531,10
36245,10
6532,10
11600,10
7223,10
9684,10
31330,10
14705,10
28902,10
27392,10
21442,10
16496,10
896,10
8721,10
6548,10
25879,10
411,10
33151,10
23591,10
800,10
36244,10
38507,10
5806,10
23526,10
5706,10
23278,10
27620,10
11968,10
18089,10
15903,10
25456,10
5641,10
27619,10
6552,10
3711,10
27362,10
48495,10
15797,10
5703,10
27431,10
42376,10
6550,10
33139,10
27375,10
47819,10
14639,10
10076,10
56010,10
6514,10
18187,10
52037,10
15900,10
54067,10
15113,10
45716,10
25478,10
27624,10
7544,10
3983,10
42300,10
42371,10
48882,10
27402,10
53562,10
27426,10
24957,10
11225,10
19609,10
10560,10
99180,10
27371,10
8702,10
21433,10
11594,10
20886,11
18665,11
7807,11
32906,11
132337,11
3369,11
225,11
51556,11
2558,11
2624,11
6325,11
2563,11
6400,11
3986,11
32759,11
1910,11
28755,11
2566,11
8189,11
7817,11
7788,11
70703,11
3736,11
7767,11
4502,11
2574,11
21852,11
1403,11
11259,11
6377,11
11242,11
2620,11
2619,11
2616,11
20878,11
26263,11
42330,11
1753,11
16604,11
110110,11
2243,11
7814,11
6397,11
47408,11
2543,11
1848,11
2573,11
37482,11
21858,11
21826,11
2621,11
68355,11
77925,11
6399,11
42340,11
2578,11
11266,11
53207,11
1896,11
6401,11
264,11
2608,11
50024,11
2593,11
2564,11
26813,11
11260,11
24303,11
4495,11
10712,11
43460,11
31867,11
1710,11
6383,11
6402,11
2587,11
4372,11
32905,11
7818,11
11265,11
39931,11
12740,11
972,11
12729,11
25919,11
4499,11
12728,11
52553,11
5015,11
2604,11
48875,11
28735,11
21841,11
20828,11
20795,11
11263,11
20823,11
44850,11
31252,11
7764,11
11255,11
7793,11
12872,11
1893,11
44847,11
2541,11
2605,11
2538,11
2544,11
20864,11
5106,11
7819,11
4497,11
11258,11
21795,11
7796,11
45469,11
21801,11
44853,11
1916,11
49060,11
20889,11
2589,11
1433,11
7813,11
2542,11
82047,11
12706,11
2607,11
1422,11
2618,11
26190,11
44397,11
4500,11
1434,11
10578,11
12750,11
11262,11
52383,11
2561,11
32752,11
55265,11
2562,11
55001,11
43387,11
43391,11
11245,11
1528,11
31528,11
2610,11
11240,11
100382,11
2576,11
1994,11
2596,11
2568,11
2565,11
28792,11
46125,11
42358,11
54234,11
7763,11
21784,11
53238,11
11235,11
7821,11
21846,11
35227,11
2556,11
4498,11
20879,11
55111,11
18171,11
20365,12
8270,12
59274,12
11095,13
40,13
14118,13
20264,13
12420,13
828,13
49660,13
66159,13
6367,13
10014,13
18204,13
6359,13
18337,13
15349,13
9524,13
19665,13
20244,13
21722,13
43049,13
14100,13
82117,13
453,13
9266,13
3120,13
6362,13
21158,13
6938,13
14147,13
14084,13
7524,13
14121,13
21637,13
20330,13
3366,13
14152,13
6335,13
8971,13
20968,13
20947,13
21202,13
35588,13
12424,13
43857,13
6368,13
21638,13
40225,13
20354,13
8998,13
5863,13
3015,13
15350,13
21651,13
31422,13
12757,13
6944,13
6361,13
2791,13
19533,13
15343,13
7064,13
7501,13
7506,13
14091,13
5377,13
20949,13
462,13
34858,13
3370,13
1164,13
14153,13
20965,13
53917,13
15351,13
6728,13
22096,13
21655,13
1846,13
12375,13
20263,13
34861,13
21969,13
14111,13
26805,13
53501,13
11609,13
6495,13
6966,13
39432,13
20959,13
198,13
47076,13
23839,13
133756,13
14104,13
50928,13
38543,13
21268,13
6895,13
44881,13
40725,13
7516,13
12196,13
6933,13
6364,13
19411,13
3356,13
20248,13
45020,13
53457,13
53944,13
17119,13
10122,13
9179,13
7523,13
21866,13
23848,13
16183,13
46785,13
20258,13
12426,13
32533,13
94426,13
12373,13
7531,13
6365,13
6358,13
26372,13
115163,13
114333,13
19949,13
928,13
12377,13
25014,13
20261,13
3109,13
11276,13
57606,13
47480,13
2524,13
14086,13
12758,13
21647,13
21740,13
14148,13
6790,13
53935,13
20739,13
56944,13
20837,13
4811,13
10267,13
3092,13
20951,13
3353,13
30016,13
63576,13
34973,13
57659,13
7522,13
3111,13
109049,13
118191,13
12372,13
32417,13
7537,13
56117,13
21157,13
54553,13
1634,14
10671,14
128859,14
3136,15
15835,15
3114,15
770,15
18752,15
7492,15
27674,15
51650,15
17510,15
4876,15
18743,15
17546,15
18719,15
45124,15
11586,15
4872,15
5722,15
7497,15
25712,15
2830,15
105851,15
7484,15
18763,15
3139,15
4873,15
26989,15
63873,15
31697,15
24147,15
23767,15
4464,15
28431,15
8897,15
4896,15
3537,15
152,15
18765,15
32174,15
4880,15
4874,15
63556,15
44755,15
12770,15
26877,15
56041,15
6600,15
3663,15
49609,15
9271,15
10418,15
1712,15
9278,15
4889,15
44753,15
4868,15
45135,15
18745,15
32164,15
2646,15
23204,15
3132,15
24146,15
4089,15
7498,15
57544,15
18766,15
17545,15
18854,15
46118,15
11218,15
40056,15
9270,15
81465,15
2838,15
818,15
6236,15
56963,15
8308,15
4289,15
44004,15
25573,15
49214,15
9267,15
10618,15
27687,15
18768,15
44129,15
170,15
32989,15
16396,15
32991,15
3130,15
63874,15
9279,15
21042,15
17534,15
15222,15
18772,15
17551,15
3671,15
32985,15
20588,15
4897,15
27688,15
7488,15
11206,15
18776,15
18777,15
4878,15
38008,15
3131,15
1481,15
21047,15
55888,15
68549,15
1709,15
44756,15
135690,15
18721,15
3135,15
26868,15
17549,15
21039,15
11711,15
4879,15
98973,15
9265,15
4886,15
18749,15
52125,15
142,15
6534,15
24202,15
9282,15
134895,15
25823,15
47401,15
7255,15
6545,15
1928,15
4869,15
8884,16
13833,16
145,16
83993,16
49580,16
36361,16
13820,16
49241,16
6837,16
49532,16
2097,16
8755,16
6054,16
51159,16
2019,16
47037,16
16571,16
5680,16
49244,16
28377,16
2096,16
665,16
34484,16
109069,16
3882,16
10703,16
32710,16
2297,16
132,16
18644,16
1570,16
32745,16
4386,16
111051,16
4397,16
44566,16
4391,16
52701,16
2269,16
32690,16
17247,16
88212,16
42658,16
29997,16
33522,16
18616,16
13834,16
5434,16
30613,16
4821,16
5133,16
47719,16
10953,16
14660,16
677,16
5435,16
17251,16
5134,16
6788,16
4475,16
14663,16
2095,16
676,16
52107,16
22076,16
6056,16
76803,16
17736,16
4393,16
46797,16
2291,16
88216,16
7233,16
11583,16
44750,16
36568,16
48987,16
28392,16
125551,16
28393,16
11582,16
19255,16
2051,16
32704,16
7949,16
32684,16
39951,16
51440,16
42396,16
13324,16
11507,16
52871,16
16491,16
17733,16
27497,16
6066,16
31187,16
31191,16
5365,16
2098,16
22058,16
46328,16
32691,16
664,16
7316,16
16352,16
662,16
1825,16
2010,16
44752,16
13835,16
45389,16
27614,16
17232,16
58383,16
29271,16
9928,16
5781,16
53262,16
2023,16
2222,17
575,17
28573,17
37173,17
9695,17
3437,17
3645,17
27762,17
9431,17
21354,17
69221,17
3420,17
7268,17
4634,17
40458,17
4643,17
10258,17
25511,17
57521,17
69226,17
850,17
37211,17
13486,17
24350,17
75102,17
67806,17
28547,17
40629,17
37196,17
5266,17
3609,17
2955,17
55917,17
3676,17
66848,17
108561,17
53628,17
9983,17
31287,17
2079,17
1301,17
26714,17
9694,17
28561,17
1163,17
582,17
28537,17
1150,17
8310,17
13329,17
3678,17
3267,17
26002,17
130631,17
49035,17
3479,17
33180,17
9693,17
27934,17
3473,17
47880,17
28539,17
3638,17
27930,17
71619,17
3640,17
59083,17
7476,17
69230,17
39422,17
26719,17
57043,17
25706,17
67784,17
7038,17
10308,17
40648,17
29083,17
73217,17
7985,17
50350,17
100584,17
107906,17
11033,17
53506,17
7054,17
10152,17
14187,17
13330,17
44743,17
3770,17
7052,17
3681,17
43197,17
53315,17
108571,17
20465,17
52213,17
49275,17
7053,17
55478,17
7056,17
24358,17
40657,17
39972,17
25524,17
67817,17
108562,17
108557,17
10988,17
106214,17
67813,17
40655,17
6636,17
40652,17
38035,17
6494,17
8297,17
114147,17
63637,18
7302,18
7692,18
19451,18
64545,18
43339,18
2614,18
669,18
4548,18
22146,18
2325,18
23428,18
2327,18
22646,18
11573,18
51891,18
10525,18
9633,18
92616,18
13032,18
6668,18
73111,18
3639,18
7313,18
9768,18
53021,18
5677,18
2333,18
1793,18
47625,18
360,18
70125,18
7294,18
31444,18
3474,18
41150,18
2330,18
38577,18
6601,18
48553,18
38226,18
72089,18
13050,18
45527,18
51978,18
99902,18
2335,18
13048,18
2324,18
3062,18
2326,18
2323,18
26518,18
11335,18
9593,18
8920,18
47623,18
30042,18
45077,18
53023,18
9399,18
43746,18
116472,18
9635,18
2328,18
42720,18
32387,18
73457,18
59737,18
33981,18
73468,18
45528,18
36131,18
8874,18
35369,18
9390,18
2338,18
7310,18
9200,18
22629,18
7148,18
36223,18
2311,18
43335,18
7306,18
56082,18
66489,18
29730,18
13052,18
48223,18
42152,18
2336,18
2320,18
9368,18
36139,18
95612,18
9395,18
78142,18
46703,18
7661,18
53017,18
9380,18
7304,18
23853,18
7295,18
48218,18
31643,18
41980,18
14007,18
2334,18
52227,18
52799,18
13049,18
9393,18
13053,18
13036,18
24625,18
9365,18
44425,18
30088,18
3822,18
685,18
134179,18
11091,18
9379,18
51142,18
7300,18
31279,18
13047,18
1392,18
13054,18
47630,18
91160,19
7990,19
18795,19
3582,19
1378,19
14190,19
5757,19
930,19
68338,19
4030,19
1248,19
938,19
5899,19
6157,19
59260,19
30571,19
24372,19
18257,19
3957,19
13930,19
6156,19
924,19
4002,19
47209,19
1444,19
53833,19
5760,19
24380,19
8007,19
8338,19
7014,19
71024,19
4012,19
33831,19
39344,19
7020,19
2809,19
4755,19
14322,19
39338,19
5231,19
1240,19
25507,19
26820,19
946,19
15518,19
933,19
4065,19
4013,19
53814,19
10102,19
2322,19
945,19
18668,19
33462,19
908,19
47236,19
935,19
3544,19
32809,19
1383,19
24434,19
51388,19
18547,19
470,19
25505,19
14654,19
15369,19
53823,19
4987,19
942,19
904,19
4021,19
24558,19
4757,19
57476,19
15481,19
5762,19
92647,19
4751,19
130614,19
39396,19
25015,19
16468,19
3146,19
32663,19
33929,19
24431,19
5765,19
5896,19
1243,19
32660,19
10304,19
7987,19
25018,19
24557,19
3189,19
1235,19
20164,19
2765,19
18501,19
3993,19
11355,19
31725,19
119588,19
10099,19
21081,19
1245,19
39395,19
7024,19
1376,19
2650,19
47228,19
5879,19
53829,19
5750,19
47231,19
41374,19
5091,19
8000,19
4750,19
2239,19
39429,19
6476,19
60667,19
6155,19
7998,19
4659,19
56935,19
24019,19
50035,19
5908,19
4000,19
30913,19
57491,19
24149,19
943,19
44867,19
60627,19
31721,19
4017,19
20171,19
16488,19
46604,19
1377,19
25386,19
1382,19
918,19
1437,19
8006,19
85666,19
46725,19
24634,19
5897,19
69192,19
7988,19
25498,19
8008,19
5259,19
15476,19
3583,19
4016,19
917,19
4131,19
1249,19
39584,19
1380,19
6353,19
54633,20
30374,20
19359,20
2745,20
190,20
19366,20
47845,20
3123,20
1796,20
5488,20
8582,20
19361,20
3654,20
5152,20
13027,20
5454,20
7716,20
7367,20
116464,20
19363,20
19357,20
7697,20
55166,20
3392,20
132555,20
6118,20
5442,20
48174,20
19362,20
16882,20
30354,20
3254,20
29747,20
5475,20
8402,20
7065,20
13062,20
14289,20
6117,20
2351,20
30346,20
5462,20
1266,20
26153,20
56986,20
1974,20
4941,20
42802,20
3084,20
4595,20
7733,20
2708,20
5147,20
12825,20
3808,20
7079,20
12551,20
11505,20
5479,20
50734,20
7744,20
7743,20
7735,20
19375,20
29676,20
5464,20
12827,20
5455,20
7724,20
7720,20
19364,20
15983,20
7742,20
5307,20
29758,20
15553,20
5476,20
24512,20
7715,20
29687,20
23356,20
100571,20
32846,20
18200,20
2736,20
5460,20
90109,20
19352,20
19373,20
5477,20
5449,20
13997,20
3439,20
30380,20
15555,20
13064,20
7731,20
25972,20
50105,20
5471,20
10817,20
7068,20
5816,20
29774,20
5438,20
25239,20
5299,20
5336,20
5400,20
19354,20
7699,20
10714,20
20793,20
8045,20
7718,20
26373,20
20786,20
26387,20
7729,20
15552,20
51268,20
114885,20
111281,20
38758,20
25963,20
18412,20
7361,20
63078,20
39439,20
3137,20
56280,20
5474,20
31908,20
47677,20
2893,20
746,20
47252,20
99120,20
50490,20
5780,20
7736,20
7362,20
5470,20
64913,21
122116,21
23563,21
59976,21
4446,21
18088,21
7246,21
1743,21
22572,21
94,21
22712,21
77265,21
76520,21
23260,21
679,21
1130,21
4715,21
70739,21
86751,21
64293,21
25984,21
13668,21
15244,21
9285,21
992,22
28204,22
176,22
9041,22
31659,22
171,22
9705,22
11895,22
12007,22
30637,22
4615,22
5907,22
3238,22
688,22
2647,22
3486,22
2923,22
5265,22
5306,22
11311,22
13404,22
2895,22
5304,22
9765,22
261,22
6955,22
9301,22
7425,22
25719,22
38072,22
82,22
17745,22
7973,22
3955,22
3483,22
9299,22
1626,22
38124,22
31103,22
3487,22
7411,22
1725,22
13675,22
15427,22
50605,22
179,22
43351,22
36930,22
1809,22
159,22
11981,22
11420,22
41469,22
156,22
38073,22
22293,22
5891,22
9597,22
7409,22
63405,22
155,22
4612,22
23399,22
12003,22
74,22
41764,22
24471,22
2911,22
17631,22
33487,22
58360,22
167,22
14319,22
33498,22
76966,22
12165,22
23397,22
7374,22
7422,22
2921,22
38131,22
5398,22
9040,22
15774,22
4616,22
25714,22
25686,22
11994,22
51626,22
14904,22
34984,22
7427,22
8376,22
7416,22
7417,22
6857,22
51511,22
184,22
30166,22
183,22
15963,22
5994,22
7448,22
6332,22
45678,22
19895,22
7389,22
22286,22
40233,22
11868,22
37745,22
5300,22
23573,22
11991,22
7424,22
43042,22
15961,22
22326,22
41773,22
31663,22
408,23
8423,23
5958,23
25693,23
493,23
15207,23
32830,23
2788,23
16719,23
37540,23
44134,23
11746,23
29971,23
512,23
10125,23
8668,23
48859,23
41672,23
266,23
28587,23
1804,23
10767,23
6025,23
8526,23
5581,23
19984,23
4310,23
14285,23
5657,23
10705,23
7650,23
10798,23
37548,23
5583,23
6654,23
8543,23
5728,23
8527,23
10796,23
5577,23
4688,23
12137,23
7074,23
2707,23
8912,23
8544,23
508,23
9736,23
8972,23
9585,23
48942,23
66951,23
20292,23
8974,23
44772,23
18689,23
1759,23
501,23
4711,23
30586,23
11041,23
2246,23
6031,23
8950,23
52817,23
8670,23
8542,23
23894,23
10781,23
4117,23
7920,23
8953,23
2300,23
474,23
2540,23
16211,23
8669,23
8422,23
8551,23
506,23
25695,23
17581,23
8955,23
11173,23
9046,23
7032,23
77359,23
8959,23
13655,23
50257,23
2308,23
2226,23
12501,23
5580,23
2390,23
509,23
5441,23
11012,23
36685,23
37551,23
8978,23
10797,23
55751,23
8554,23
47159,23
41483,23
13521,23
8918,23
10794,23
30606,23
8538,23
50901,23
50291,23
30601,23
38855,23
7343,23
10441,23
8666,23
26934,23
8343,23
8975,23
36877,23
12349,23
50052,23
52096,23
8914,23
12865,23
8421,23
8949,23
8553,23
14268,23
124108,23
23391,23
8427,23
8905,23
43032,23
24998,23
10800,23
20912,23
39958,23
22773,23
2116,23
6029,23
25515,23
50303,23
14535,23
19982,23
24364,23
47198,23
497,23
36489,23
5565,23
19990,23
11056,23
13308,23
14619,23
8970,23
5549,23
269,23
3060,23
25694,23
1984,23
57464,23
8546,23
5669,23
8967,23
51645,23
41596,23
47935,23
8917,23
26460,23
64241,23
12506,23
44714,23
56418,23
44729,23
46318,23
43540,23
40424,23
52084,23
8958,23
4239,23
36649,23
72490,23
47092,23
58278,23
137099,23
23386,23
9583,23
46218,23
8926,23
96845,23
39141,23
84442,23
19483,24
2710,24
24551,24
1790,24
23008,24
1782,24
16584,24
3825,24
45438,24
19519,24
25142,24
5638,24
83,24
38393,24
19544,24
1953,24
14245,24
13788,24
13603,24
3020,24
1159,24
15675,24
2418,24
172,24
12232,24
5339,24
14305,24
13744,24
11482,24
3069,24
46585,24
7163,24
1661,24
2253,24
771,24
5636,24
5379,24
979,24
32059,24
1973,24
21781,24
19509,24
3244,24
9708,24
95750,24
5380,24
21745,24
19513,24
2703,24
507,24
38813,24
16168,24
12898,24
3249,24
3082,24
5383,24
1789,24
29586,24
19487,24
2167,24
28892,24
5387,24
138492,24
7580,24
14249,24
24552,24
2086,24
29583,24
2478,24
2302,24
7540,24
45444,24
1815,24
12767,24
2926,24
19517,24
3014,24
38399,24
35144,24
6204,24
24550,24
1783,24
35258,24
56113,24
16193,24
5403,24
16822,24
13695,24
22271,24
9359,24
12885,24
1484,24
15910,24
2706,24
6203,24
14369,24
23009,24
49899,24
22276,24
48091,24
2687,24
19524,24
9343,24
16703,24
5399,24
19502,24
8336,24
11022,24
22485,24
97028,24
5386,24
9362,24
2709,24
985,24
24553,24
15355,24
27059,24
12910,24
66158,24
584,24
4378,24
16701,24
6505,24
62037,24
13413,24
48083,24
7762,24
22246,24
23302,24
35261,24
19698,24
45428,24
5384,24
32365,24
4478,24
19504,24
1768,24
38167,24
48085,24
22557,24
2699,24
24546,24
48095,24
25157,24
19482,24
11979,24
48796,24
19550,24
29433,24
20698,24
19512,24
1926,24
628,24
29221,24
974,24
20693,24
19506,24
49769,24
45151,24
20909,24
15845,24
19464,24
5343,24
9696,24
29581,24
64573,24
18962,24
27136,24
8011,24
50533,24
8395,24
42057,24
2702,24
30529,24
15021,24
20849,24
6205,24
20689,24
11957,24
62033,24
46587,24
19470,24
35127,24
46463,24
48982,24
9360,24
5358,24
8044,24
94935,24
33699,24
8636,24
6512,24
24499,24
25163,24
1161,24
9363,24
48941,24
4083,24
25211,24
19505,24
76702,24
7581,24
19545,24
12893,24
1923,24
27058,24
8469,24
27825,24
5346,24
22556,24
24547,24
9093,24
35141,24
21773,24
8549,24
25535,24
35682,24
23455,24
4455,24
28893,24
14802,24
85930,24
5500,24
31475,24
2877,25
13009,25
6885,25
12441,25
67757,25
40251,25
1195,25
1320,25
393,25
67756,25
1349,25
52743,25
428,25
11188,25
1358,25
265,25
7069,25
44760,25
56225,25
7269,25
19299,25
4827,25
1176,25
4921,25
1348,25
16289,25
1360,25
14797,25
1193,25
1359,25
1367,25
3264,25
53674,25
6603,25
39016,25
1314,25
3800,25
619,25
277,25
1297,25
1302,25
10011,25
2679,25
23638,25
104872,25
50514,25
1291,25
35266,25
28262,25
9878,25
1331,25
8504,25
27711,25
3727,25
33001,25
1315,25
9985,25
6947,25
39745,25
859,25
6882,25
2867,25
3197,25
66654,25
11328,25
2862,25
11327,25
25527,25
74800,25
138243,25
53018,25
3985,25
21358,25
830,25
11138,25
52671,25
53673,25
56826,25
75639,25
871,25
955,25
1264,25
1361,25
54840,25
25611,25
11112,25
1312,25
753,25
1083,25
1373,25
1365,25
1295,25
29495,25
58965,25
54839,25
20505,25
52757,25
41102,25
41861,25
34662,25
28258,25
2047,25
1298,25
39017,25
17068,25
58050,25
34878,25
68229,25
11332,25
58956,25
1215,25
45616,25
892,25
19793,25
104535,25
19790,25
1440,25
95790,25
25525,25
34665,25
7355,25
58940,25
355,25
21283,25
5792,25
1340,25
11337,25
1325,25
1350,25
993,25
37933,25
37936,25
7573,25
20503,25
11613,25
10529,25
10962,25
1303,25
39650,25
14806,25
9039,25
19599,25
4895,25
40243,25
18465,25
24702,25
53679,25
10021,25
89032,25
129396,25
9627,25
49730,25
1226,25
29570,25
32030,25
2876,25
1341,25
54837,25
66113,25
2880,25
20508,25
10815,25
37934,25
2882,25
1201,25
1216,25
52562,25
12013,25
131615,25
127422,25
17670,25
58975,25
77847,25
138307,25
21947,25
4410,25
50443,25
55520,25
63948,25
1281,25
35951,25
34906,25
11803,25
58175,25
29497,25
26766,25
1335,25
66572,25
58086,25
1283,25
64926,25
54333,25
19596,25
1223,25
6883,25
764,26
66146,26
12466,26
84044,26
1330,26
5111,26
1838,26
10255,26
2439,26
2109,26
2341,26
37098,26
620,26
2640,26
221,26
17289,26
4628,26
10410,26
15115,26
4494,26
9164,26
11585,26
8757,26
10750,26
1989,26
18970,26
4633,26
1059,26
2101,26
8123,26
37111,26
12184,26
12468,26
28684,26
5523,26
5074,26
2216,26
4348,26
49286,26
5534,26
2365,26
17710,26
6448,26
314,26
1608,26
47046,26
9766,26
8694,26
36658,26
26958,26
47999,26
5115,26
68846,26
1764,26
1324,26
2039,26
4608,26
1503,26
50012,26
26997,26
6551,26
9174,26
15611,26
24343,26
88277,26
2118,26
35708,26
2368,26
9947,26
6309,26
2818,26
1816,26
5055,26
502,26
5864,26
33777,26
10739,26
5104,26
8894,26
465,26
7369,26
7461,26
18156,26
2213,26
35711,26
99808,26
12178,26
54450,26
19831,26
8717,26
30,26
2228,26
22736,26
2225,26
39942,26
5645,26
9167,26
3377,26
4629,26
85,26
20652,26
2659,26
449,26
18505,26
26594,26
5045,26
5084,26
24342,26
41569,26
2321,26
5043,26
2843,26
7285,26
32900,26
2230,26
12152,26
47753,26
2180,26
8691,26
50730,26
2250,26
8898,26
37021,26
12923,26
36950,26
2409,26
1727,26
73949,26
17866,26
35035,26
22208,26
9028,26
66124,26
36961,26
128616,26
4909,26
4493,26
7967,26
12913,26
505,26
45013,26
100062,26
22223,26
44191,26
4062,26
10225,26
2248,26
4452,26
10738,26
5686,26
1766,26
52209,26
27469,26
30089,26
2201,26
35694,26
100487,26
10754,26
27968,26
2117,26
7950,26
26745,26
9148,26
42457,26
24340,26
9172,26
52206,26
8896,26
5063,26
31228,26
44204,26
5100,26
4622,26
5072,26
2214,26
2215,26
21800,26
16716,26
22218,26
4632,26
9249,26
15619,26
678,26
18151,26
1991,26
6278,26
12930,26
17840,26
47510,26
2235,26
464,26
10448,26
49982,26
18643,26
70116,26
5515,26
26943,26
6810,26
1529,26
13735,26
445,26
5011,26
24338,26
6937,26
12812,26
5089,26
66143,26
22207,26
2199,26
5082,26
22547,26
5092,26
8675,26
2632,26
5116,26
2185,26
44430,26
18650,26
3440,26
66133,26
132293,26
5059,26
5375,26
22522,26
67974,26
65738,26
22209,26
1992,26
9907,26
44280,26
12925,26
37100,26
7454,26
44832,26
2801,26
6375,26
30097,26
24346,26
5048,26
10723,26
26000,26
9817,26
1986,26
2586,26
23842,26
78008,26
84097,26
61828,26
52204,26
23596,26
7309,26
10720,26
52982,26
2112,26
24344,26
12129,26
17824,26
5723,26
21757,26
7303,26
14383,26
73036,26
2229,26
1731,26
24341,26
17863,26
27689,26
6312,26
10727,26
2113,26
36959,26
18377,26
16391,26
20653,26
6250,26
20327,26
2227,26
10801,26
22224,26
5963,26
100060,26
12935,26
11734,26
16635,26
12929,26
2887,26
84013,26
2057,27
5432,27
811,27
8216,27
8472,27
8459,27
1513,27
5255,27
2359,27
26113,27
11183,27
2018,27
21546,27
5779,27
8221,27
2099,27
49,27
48,27
2085,27
1657,27
14833,27
38,27
3048,27
18105,27
6968,27
7666,27
4370,27
8120,27
694,27
1937,27
5530,27
6299,27
9173,27
3202,27
3019,27
7340,27
1275,27
180,27
5189,27
3117,27
12544,27
2733,27
10588,27
5210,27
54286,27
305,27
11441,27
2730,27
8071,27
3030,27
2233,27
609,27
6753,27
6752,27
6,27
8989,27
1961,27
1316,27
16300,27
5194,27
9568,27
26747,27
5427,27
6781,27
5088,27
12612,27
2570,27
5790,27
8257,27
1930,27
2082,27
8428,27
9204,27
18528,27
6748,27
8179,27
23780,27
10946,27
5985,27
1745,27
3063,27
2022,27
3091,27
5507,27
5188,27
7232,27
670,27
8017,27
21606,27
16608,27
2433,27
5472,27
43,27
16103,27
45505,27
5947,27
20338,27
5196,27
5952,27
8983,27
10022,27
5217,27
8077,27
351,27
20377,27
18132,27
193,27
311,27
3039,27
797,27
1651,27
5197,27
1959,27
2021,27
1894,27
5426,27
5531,27
196,27
5430,27
6465,27
45256,27
46870,27
2078,27
3032,27
13921,27
6744,27
8231,27
14857,27
8413,27
8357,27
5305,27
7344,27
32266,27
13890,27
7030,27
14355,27
5867,27
3057,27
51692,27
11182,27
37,27
304,27
5667,27
5871,27
302,27
8214,27
2088,27
16832,27
5532,27
8259,27
8991,27
14681,27
187,27
9305,27
15918,27
26114,27
10632,27
8719,27
6366,27
6197,27
6081,27
6190,27
18184,27
80861,27
21865,27
2091,27
14658,27
12,27
6793,27
3073,27
2190,27
2432,27
6687,27
168,27
6997,27
3061,27
4170,27
2804,27
18327,27
3031,27
1751,27
3462,27
12613,27
26961,27
24302,27
5391,27
11575,27
8264,27
11923,27
34,27
5192,27
13893,27
6589,27
5212,27
14247,27
10627,27
317,27
3103,27
12764,27
8119,27
1233,27
5385,27
2569,27
18269,27
10050,27
3116,27
5407,27
7941,27
2504,27
8360,27
8307,27
2974,27
11189,27
5235,27
2537,27
11309,27
6620,27
1960,27
2508,27
20607,27
1486,27
3150,27
2498,27
33709,27
202,27
10944,27
2920,27
2534,27
6847,27
42,27
827,27
22011,27
13713,27
2017,27
16,27
10345,27
2729,27
5831,27
6586,27
2026,27
182,27
303,27
1214,27
8853,27
21739,27
33673,27
16712,27
18150,27
8346,27
1579,27
91697,27
9409,27
4470,27
9309,27
354,27
26720,27
11861,27
17109,27
47,27
26962,27
8362,27
12246,27
7669,27
9497,27
25930,27
3147,27
7951,27
2499,27
5335,27
22853,27
5522,27
5428,27
5022,27
75,27
3022,27
23227,27
6572,27
13364,27
13323,27
1767,27
12482,27
2743,27
41,27
10958,27
16441,27
2483,27
6812,27
6806,27
8117,27
31,27
5395,27
6894,27
32,27
22313,27
36800,27
1662,27
8127,27
12071,27
6198,27
3041,27
5257,27
6991,27
5481,27
8960,27
40076,27
17839,27
1310,27
6189,27
6135,27
6112,27
37719,27
6011,27
7604,27
7541,27
37920,27
66172,27
36,27
17881,27
27289,27
48729,27
40084,27
6703,27
22458,27
20639,27
7496,27
8711,27
14390,27
5787,27
5333,27
9069,27
7517,27
30746,27
6879,27
29267,27
1674,27
6177,27
13885,27
2803,27
25790,27
2741,27
944,27
2715,27
35938,27
36754,27
6102,27
6783,27
2731,27
8478,27
9209,27
44915,27
7944,27
13905,27
28799,27
21536,27
8477,27
5258,27
7029,27
9198,27
87480,27
5453,27
13268,27
13898,27
13870,27
12247,27
3125,27
7574,27
13840,27
3381,27
5721,27
1791,27
16596,27
12248,27
44874,27
8042,27
5786,27
8463,27
29242,27
16318,27
10053,27
5332,27
2415,27
26138,27
7546,27
12604,27
21231,27
37450,27
26752,27
5547,27
5773,27
16307,27
14424,27
8347,27
29043,27
5758,27
7948,27
5555,27
13965,27
10059,27
8253,27
23930,27
2360,27
32959,27
5505,27
819,28
796,28
313,28
7293,28
3870,28
3831,28
2157,28
4114,28
139,28
10293,28
760,28
1520,28
984,28
3027,28
3869,28
19784,28
4257,28
1389,28
1390,28
3836,28
3890,28
862,28
6235,28
1576,28
977,28
978,28
3875,28
31091,28
342,28
894,28
28616,28
14829,28
1551,28
39355,28
57308,28
3373,28
3885,28
3937,28
19775,28
1704,28
820,28
3984,28
988,28
4110,28
3017,28
104112,28
3809,28
7117,28
567,28
2172,28
5811,28
7114,28
12695,28
1085,28
2677,28
2675,28
2170,28
16796,28
3920,28
1622,28
3894,28
3012,28
3380,28
1583,28
4424,28
3864,28
3760,28
2155,28
1550,28
127802,28
3934,28
4250,28
5950,28
3033,28
3900,28
6053,28
2976,28
976,28
3878,28
3886,28
7093,28
54339,28
58099,28
3416,28
10523,28
20080,28
32627,28
12781,28
4139,28
350,28
3775,28
3790,28
4845,28
20061,28
1675,28
647,28
1673,28
19283,28
52495,28
359,28
57457,28
18885,28
781,28
17016,28
361,28
67054,28
5592,28
1617,28
378,28
54132,28
52631,28
2397,28
66936,28
2963,28
13199,28
1613,28
2400,28
1638,28
28082,28
16895,28
25412,28
44681,28
3873,28
3903,28
4093,28
3912,28
737,28
16654,28
1475,28
4094,28
18735,28
1180,28
7116,28
13389,28
4116,28
35479,28
762,28
10811,28
46382,28
57310,28
7110,28
104390,28
32185,28
731,28
34071,28
15946,28
3021,28
813,28
46390,28
18732,28
2158,28
22649,28
4107,28
3891,28
13304,28
888,28
109009,28
3023,28
15026,28
3702,28
3881,28
31053,28
2754,28
8790,28
6230,28
2154,28
2125,28
14487,28
4091,28
21136,28
24567,28
3871,28
19250,28
66932,28
4717,28
3847,28
3044,28
51181,28
4822,28
1326,28
24017,28
10961,28
10468,28
48598,28
13170,28
2265,28
5668,28
39092,28
14427,28
61400,28
366,28
91954,28
32634,28
27512,28
3442,28
20062,28
64533,28
4820,28
779,28
380,28
835,28
69764,28
6613,28
4812,28
1611,28
22140,28
36360,28
2266,28
19961,28
38628,28
10816,28
19268,28
349,28
25657,28
373,28
1104,28
19302,28
20687,28
50550,28
4842,28
3910,28
3414,28
68855,28
103517,28
32981,28
125855,28
1603,28
10813,28
66126,28
374,28
20030,28
3333,28
4835,28
740,28
3776,28
353,28
1219,28
395,28
5601,28
1222,28
1686,28
5593,28
19186,28
52478,28
5809,28
19177,28
2945,28
1610,28
58526,28
4851,28
20091,28
20103,28
42783,28
4854,28
20059,28
3425,28
23447,28
1672,28
19293,28
4819,28
52047,28
10746,28
5031,28
38666,28
836,28
69351,28
3422,28
21017,28
19266,28
8838,28
19636,28
27535,28
19328,28
839,28
12216,28
9640,28
2262,28
2943,28
5506,28
385,28
44432,28
13162,28
2395,28
52475,28
2153,28
939,28
126,28
3401,28
53156,28
3430,28
19288,28
124104,28
20898,28
16008,28
5004,28
28065,28
1423,28
15192,28
2950,28
57857,28
40811,28
19303,28
11331,28
9505,28
10155,28
4814,28
53169,28
1354,28
778,28
6166,28
686,28
4626,28
20066,28
3531,28
72882,28
371,28
4776,28
19277,28
3426,28
19300,28
982,28
18881,28
2263,28
13158,28
89471,28
1050,28
1087,28
12431,28
23703,28
338,28
341,28
377,28
10527,28
10469,28
19188,28
3434,28
5244,28
32630,28
85872,28
115375,28
1368,28
13192,28
2889,28
28076,28
15923,28
104527,28
4850,28
4999,28
766,28
69965,28
1787,28
67053,28
50568,28
18606,28
18813,28
64532,28
3417,28
780,28
5012,28
13297,28
58595,28
2402,28
2941,28
20058,28
2886,28
18623,28
863,28
4908,28
3428,28
337,28
12048,28
20987,28
399,28
102745,28
1427,28
21049,28
13136,28
2264,28
386,28
50580,28
34912,28
1278,28
20896,28
321,28
28077,28
11836,28
40828,28
35468,28
352,28
69358,28
20073,28
52535,28
20989,28
20098,28
4409,28
2166,28
12302,28
13774,28
28062,28
776,28
42766,28
4828,28
3157,28
126664,28
32623,28
10451,28
69366,28
21200,28
12111,28
17020,28
1618,28
40009,28
6710,28
5112,28
1086,28
223,28
3432,28
4953,28
27533,28
3969,28
4844,28
19297,28
327,28
85877,28
1088,28
13120,28
25849,28
3532,28
58105,28
51664,28
69357,28
78463,28
11679,28
27528,28
55977,28
13960,28
119721,28
28074,28
28059,28
5602,28
7000,29
7965,29
8494,29
2466,29
7625,29
6993,29
7624,29
2468,29
18554,29
14933,29
4138,29
3728,29
3371,29
2352,29
4554,29
11555,29
207,29
793,29
9114,29
56850,29
35564,29
1741,29
2471,29
1327,29
19440,29
14030,29
413,29
3670,29
4954,29
3047,29
1174,29
23822,29
798,29
95458,29
9063,29
403,29
814,29
25513,29
1972,29
2657,29
4881,29
6619,29
854,29
1466,29
927,29
765,29
12784,29
1074,29
4546,29
31811,29
447,29
3349,29
1183,29
2290,29
6234,29
12677,29
4505,29
3460,29
2381,29
130,29
382,29
310,29
3259,29
3961,29
1125,29
981,29
84124,29
307,29
8495,29
922,29
877,29
312,29
78123,29
6605,29
450,29
4617,29
3757,29
2656,29
2469,29
4564,29
356,29
45553,29
13395,29
199,29
13661,29
604,29
398,29
410,29
809,29
2035,29
7610,29
2447,29
8057,29
446,29
10346,29
627,29
252,29
799,29
805,29
7622,29
364,29
7878,29
347,29
6632,29
810,29
5096,29
400,29
3829,29
768,29
986,29
1606,29
55949,29
2918,29
903,29
739,29
1844,29
2840,29
49725,29
2734,29
7620,29
19104,29
19414,29
219,29
602,29
13561,29
39483,29
3528,29
2726,29
3024,29
27214,29
51058,29
1687,29
576,29
3470,29
763,29
7342,29
3134,29
24698,29
455,29
3796,29
18241,29
12298,29
6967,29
1205,29
255,29
1724,29
4931,29
18208,29
12668,29
2474,29
17976,29
6850,29
38909,29
379,29
53778,29
2966,29
7908,29
1224,29
7887,29
883,29
15266,29
26293,29
1063,29
7904,29
7615,29
20200,29
2353,29
4539,29
868,29
748,29
3574,29
19929,29
4543,29
1309,29
107405,29
33605,29
3568,29
17216,29
13652,29
12292,29
3517,29
48583,29
1794,29
8066,29
27262,29
218,29
3466,29
11678,29
3570,29
6809,29
614,29
306,29
1313,29
12289,29
2689,29
2470,29
1318,29
7740,29
5626,29
3708,29
3475,29
37300,29
6999,29
4521,29
3558,29
4557,29
21693,29
26096,29
845,29
13566,29
8521,29
88358,29
1179,29
624,29
7627,29
129954,29
4986,29
6313,29
4278,29
12378,29
3565,29
987,29
5014,29
3536,29
566,29
3762,29
3879,29
6986,29
3113,29
4513,29
893,29
2077,29
3476,29
26014,29
12082,29
11416,29
54538,29
6610,29
320,29
9441,29
7618,29
39327,29
3471,29
2465,29
41167,29
2661,29
5967,29
11147,29
1892,29
15826,29
2476,29
84560,29
61847,29
46096,29
1716,29
772,29
568,29
17212,29
1546,29
948,29
19036,29
28557,29
25406,29
9673,29
48727,29
3710,29
7263,29
33803,29
889,29
73707,29
6628,29
759,29
7202,29
3478,29
802,29
48767,29
7623,29
43808,29
30105,29
57950,29
405,29
3988,29
9569,29
19038,29
2379,29
1810,29
7884,29
901,29
6449,29
53772,29
41840,29
1175,29
394,29
1185,29
10111,29
18100,29
3573,29
6680,29
3744,29
13641,29
15828,29
1114,29
1543,29
19103,29
9129,29
24098,29
12250,29
4562,29
7617,29
106621,29
777,29
10109,29
8060,29
11839,29
7466,29
24076,29
12299,29
9140,29
8372,29
815,29
10208,29
4473,29
9873,29
12395,29
76079,29
13008,29
2684,29
5705,29
3601,29
7619,29
5888,29
5021,29
3164,29
76262,29
3657,29
13950,29
69317,29
12780,29
1126,29
758,29
6624,29
77186,29
44618,29
4877,29
13553,29
6352,29
17856,29
3747,29
93814,29
1977,29
3798,29
13538,29
67599,29
57885,29
9067,29
12660,29
11659,29
7626,29
6604,29
5733,29
7659,29
62117,29
874,29
3572,29
24934,29
11424,29
12928,29
9139,29
1955,29
20230,29
116905,29
34088,29
6611,29
4540,29
45478,29
29372,29
3575,29
4556,29
6963,29
891,29
8773,29
3469,29
33054,29
3463,29
78112,29
93463,29
26365,29
368,29
7455,29
30143,29
27072,29
73222,29
20118,29
8074,29
3332,29
19417,29
4560,29
612,29
9738,29
1504,29
17187,29
83913,29
26037,29
10930,29
23647,29
11307,29
9092,29
4421,29
27256,29
1135,29
471,29
50337,29
631,29
25444,29
11537,29
19441,29
9062,29
7885,29
630,29
48593,29
6466,29
99105,29
69328,29
936,29
4555,29
4553,29
2122,29
607,29
8352,29
91506,29
7593,29
70468,29
12044,29
13393,29
9134,29
389,29
14752,29
13222,29
1847,29
27271,29
22936,29
13620,29
615,29
25514,29
45491,29
6941,29
2404,29
21482,29
21113,29
56269,29
53810,29
6485,29
55492,29
560,29
3824,29
73091,29
1229,29
21292,29
9144,29
13597,29
57913,29
8384,29
18971,29
769,29
4520,29
6621,29
17218,29
12676,29
48460,29
10871,29
16912,29
18238,29
5699,29
34310,29
129454,29
803,29
55195,29
17487,29
51054,29
49488,29
2834,29
29173,29
25393,29
6173,29
2692,29
4541,29
17337,29
8070,29
88015,29
6655,29
14025,29
583,29
12295,29
11751,29
58311,29
7910,29
77002,29
25116,29
13392,29
80549,29
12035,29
4545,29
12306,29
1178,29
17489,29
49992,29
13605,29
27264,29
2218,29
41829,29
13667,29
1607,29
6692,29
26304,29
6683,29
99124,29
22877,29
3599,29
29341,29
6403,29
29661,29
14032,29
7249,29
8775,29
27634,29
10178,29
12674,29
6622,29
473,29
10110,29
36657,29
13363,29
51041,29
3564,29
13656,29
128386,29
12020,29
58836,29
3687,29
34302,29
77007,29
4563,29
409,29
55070,29
12678,29
19415,29
6987,29
372,29
23702,29
3566,29
13394,29
6243,29
13586,29
7964,29
56481,29
4524,29
7616,29
56425,29
18121,29
7896,29
26613,29
19029,29
9882,29
56337,29
19100,29
1432,29
8164,29
6934,29
2309,29
111,30
6653,30
15935,30
52890,30
2681,30
6707,30
48134,30
13681,30
1690,30
22998,30
23149,30
8863,30
5127,30
4973,30
9109,30
4607,30
59615,30
28181,30
55807,30
4993,30
55937,30
10447,30
1692,30
18692,30
19079,30
61815,30
11170,30
61099,30
36590,30
11796,30
4956,30
13810,30
38996,30
1584,30
38637,30
58937,30
56295,30
38181,30
59746,30
121,30
12398,30
23403,30
28560,30
565,30
1688,30
1107,30
4675,30
9729,30
56922,30
63584,30
39119,30
60170,30
4435,30
27816,30
3724,30
4201,30
5625,30
4816,30
40759,30
571,30
11743,30
14839,30
36398,30
10678,30
86335,30
28224,30
8820,30
998,30
3813,30
1402,30
12105,30
812,30
17916,30
37847,30
257,30
53713,30
59965,30
38608,30
30411,30
37793,30
45904,30
886,30
23799,30
43442,30
3804,30
308,30
61821,30
31291,30
13537,30
10973,30
41169,30
4113,30
15517,30
831,30
39578,30
1124,30
59289,30
6432,30
19276,30
19384,30
39098,30
1056,30
9021,30
3516,30
51748,30
30073,30
11889,30
2792,30
3271,30
9130,30
24291,30
80604,30
76647,30
106,30
28273,30
59204,30
2879,30
4593,30
34967,30
61789,30
15831,30
23415,30
61814,30
634,30
60908,31
36143,31
8859,31
4442,31
31381,31
114,31
8425,31
15429,31
59033,31
48284,31
18672,31
15445,31
23256,31
5998,31
64080,31
9590,31
273,31
96,31
1227,31
8058,31
32329,31
9715,31
24971,31
38853,31
70399,31
608,31
13107,31
16574,31
6207,31
4630,31
140,31
2346,31
2367,31
9207,31
1736,31
1708,31
5301,31
2446,31
9602,31
9876,31
86,31
60175,31
1976,31
15832,31
65784,31
15833,31
4434,31
65833,31
4451,31
19679,31
60925,31
60924,31
62118,31
228,31
472,31
4735,31
4303,31
52130,31
26706,31
13455,31
15221,31
757,31
672,31
23622,31
23427,31
958,31
37828,31
13160,31
65712,31
11781,31
12103,31
26169,31
10153,31
6321,31
15597,31
32225,31
5041,31
71045,31
226,31
4269,31
11475,31
19671,31
10300,31
272,31
29470,31
29491,31
37052,31
15825,31
5701,31
136264,31
32451,31
11602,31
29020,31
2445,31
60613,31
8024,31
11050,31
5829,31
11148,31
59518,31
8110,31
17604,31
15794,31
3943,31
56810,31
38404,31
39075,31
28166,31
6168,31
24208,31
3330,31
110,31
18862,31
962,31
5190,31
15224,31
50007,31
8627,31
454,31
4140,31
10100,31
55324,31
13581,31
6818,31
451,31
2219,31
62783,31
12791,31
7917,31
5921,31
59436,31
28562,31
19261,31
59188,31
31714,31
11921,31
46313,31
28886,31
1218,31
23261,31
25401,31
21443,31
1429,31
3396,31
3038,31
10582,31
2050,31
1516,31
33928,31
67113,31
5731,31
9721,31
61952,31
271,31
13647,31
14218,31
431,31
13924,31
7753,31
10528,31
35322,31
20493,31
437,31
59324,31
68020,31
46672,31
62097,31
3991,31
62947,31
4677,31
56800,31
41669,31
675,31
15322,31
15761,31
12432,31
128,31
127,31
9512,31
10875,31
14615,31
14193,31
8602,31
415,31
13007,31
15599,31
1811,31
5732,31
23398,31
35271,31
11491,31
68404,31
9323,31
14010,31
2832,31
16062,31
2440,31
28477,31
1837,31
26425,31
16343,31
4852,31
52940,31
60278,31
44632,31
15707,31
1210,31
52208,31
1713,31
17476,31
11815,31
20835,31
10348,31
59528,31
348,31
31130,31
56930,31
4514,31
53828,31
20522,31
22363,31
1813,31
2031,31
18790,31
22117,31
6169,31
30092,31
55901,31
16537,31
26906,31
3660,31
9094,31
19603,31
16917,31
24593,31
15313,31
57233,31
122,31
60998,31
25327,31
4448,31
181,31
1209,31
220,31
250,31
62791,31
32551,31
1988,31
12645,31
30377,31
59447,31
448,31
6032,31
15913,31
4476,31
41713,31
4576,31
63980,31
1517,31
3546,31
112,31
49327,31
2779,31
16167,31
91,31
62949,31
18855,31
4742,31
19894,31
89942,31
9866,31
73,31
13660,31
2833,31
5727,31
16678,31
61388,31
11656,31
59039,31
3777,31
15771,31
12296,31
3827,31
17135,31
15502,31
855,31
18812,31
224,31
61019,31
17434,31
29308,31
4491,31
64380,31
34911,31
44582,31
29203,31
11727,31
4300,31
48590,31
26011,31
21367,31
23488,31
36115,31
59446,31
28467,31
59041,31
18811,31
10052,31
902,31
60346,31
6316,31
4759,31
29367,31
666,31
59183,31
1122,31
13108,31
13894,31
14222,31
2969,31
9565,31
7345,31
37539,31
34116,31
363,31
3161,31
116,31
39652,31
22314,31
17195,31
60589,31
28440,31
23743,31
25906,31
32768,31
1319,31
5764,31
1623,31
9968,31
2448,31
123,31
2839,31
3391,31
47509,31
418,31
275,31
4848,31
426,31
5700,31
60155,31
58873,31
2655,31
60600,31
334,31
58875,31
14741,31
16009,31
64749,31
2434,31
6154,31
14139,31
15146,31
34339,31
77,31
62218,31
13272,31
3070,31
32323,31
6217,31
430,31
66273,31
29524,31
48615,31
10521,31
339,31
11506,31
38762,31
44,31
11713,31
65901,31
36035,31
62781,31
42232,31
18081,31
64879,31
58111,31
14385,31
16665,31
41274,31
983,31
18064,31
38945,31
1758,31
39077,31
27268,31
17029,31
23843,31
4683,31
15994,31
375,31
391,31
18116,31
14680,31
5376,31
12961,31
18928,31
59465,31
59042,31
13991,31
48274,31
16750,31
25184,31
18324,31
131,31
61410,31
10256,31
21780,31
16904,31
9238,31
42384,31
7031,31
10338,31
59035,31
59433,31
2480,31
60300,31
4678,31
18926,31
10619,31
68520,31
201,31
60269,31
7754,31
4692,31
13518,31
14075,31
15716,31
5964,31
48479,31
25959,31
11423,31
16164,31
14430,31
13726,31
14715,31
4010,31
3459,31
10974,31
63171,31
61194,31
9519,31
2081,31
20563,31
32793,31
35487,31
5639,31
21369,31
52910,31
268,31
58978,31
27880,31
58879,31
25739,31
62954,31
81447,31
9473,31
4456,31
12181,31
4221,31
62620,31
564,31
63979,31
31514,31
60505,31
31192,31
107,31
72057,31
58876,31
60201,31
61965,31
4501,31
19432,31
20654,31
23752,31
72090,31
2894,31
1467,31
45084,31
33518,31
427,31
61855,31
46158,31
34757,31
120,31
457,31
434,31
7598,31
53180,31
3311,31
20608,31
5988,31
20325,31
21356,31
12933,31
9031,31
136,31
4733,31
32455,31
6690,31
43995,31
64755,31
37035,31
27182,31
19128,31
15706,31
46458,31
58949,31
62616,31
9135,31
4739,31
435,31
66986,31
30669,31
59044,31
43232,31
17311,31
8337,31
58912,31
49570,31
456,31
36389,31
5734,31
20168,31
15822,31
9507,31
10222,31
22995,31
19677,31
65025,31
12694,31
14650,31
60617,31
